{"cameraMode":{"drawMode":0,"name":"Shaded","section":"Shading Mode"},"sceneLighting":true,"audioPlay":false,"sceneViewState":{"m_AlwaysRefresh":false,"showFog":true,"showSkybox":true,"showFlares":true,"showImageEffects":true,"showParticleSystems":true,"showVisualEffectGraphs":true,"m_FxEnabled":true},"in2DMode":false,"pivot":{"x":-0.03217947483062744,"y":0.8360075950622559,"z":-0.20091423392295838},"rotation":{"x":0.1709318906068802,"y":-0.6572747230529785,"z":0.1566724181175232,"w":0.7170974612236023},"size":1.3084185123443604,"orthographic":true}